slug,name,type,additional types
,Blender,3d,
,Cannon.js,3d,
,dat.GUI,3d,
,React three fiber,3d,
,Stats.js,3d,
,Three.js,3d,
,Use-cannon,3d,
,WebGL,3d,
,Adobe Experience Manager,analytics,
,Google Analytics,analytics,
,Google Tag Manager,analytics,
,CSS animation,animation,
,GSAP / Greensock,animation,
,React Spring,animation,
,Express,back-end,
,Babel,build,
,Grunt,build,
,Gulp,build,
,Parcel,build,
,Rollup,build,
,Webpack,build,
,Require JS,build,
,Apache Server (limited,build,
,AWS EC2,cloud,hosting
,AWS S3,cloud,hosting
,Azure (limited),cloud,
,Apollo GraphQL,cms-graphql,data-layer
,Craft CMS,cms-graphql,
,Craft Commerce,cms-graphql,
,GraphQL,cms-graphql,data-layer
,Capistrano,deployment,
,Custom shell scripts,deployment,
,Now.sh,deployment,
,Heroku,deployment,hosting
,Gatsby,framework,
,Next.js,framework,back-end
,Svelte (limited),framework,
,Angular (limited),framework,
,Backbone JS,framework,
,Ionic,framework,
,React,framework,
,React Native,framework,
,Vue JS (limited),framework,
,GitLab,git,
,Bitbucket,git,
,GitHub,git,
,Netlify,hosting,
,Coffeescript,js-flavor,
,jQuery,js-flavor,
,JSX,js-flavor,
,Node JS,js-flavor,
,Typescript,js-flavor,
,Vanilla,js-flavor,
,HTML,languages,
,HTML 5,languages,
,CSS,languages,
,CSS 3,languages,
,Brightcove Video,misc,
,BugHerd,monitoring,agile
,BugSnag,monitoring,
,New Relic,monitoring,
,Pager Duty,monitoring,
,Trello,monitoring,agile
,Jira,monitoring,agile
,Axios,npm-package,
,Date-fns,npm-package,
,Flickity,npm-package,
,Fullpage.js,npm-package,
,Hammer.js,npm-package,
,Howler.js,npm-package,
,Lodash,npm-package,
,Moment,npm-package,
,Owl Carousel,npm-package,
,Slick Carousel,npm-package,
,Swiper,npm-package,
,Tone.js,npm-package,
,Underscore,npm-package,
,Unfetch,npm-package,
,Prop-types,react,
,Reach Router,react,
,React DnD,react,
,React Final Form,react,
,React Modal,react,
,React Range,react,
,React Router,react,
,Create React App,react,
,MobX,state-management,data-layer
,React Context,state-management,
,Redux,state-management,data-layer
,RxJS,state-management,
,Polished.js,styling,
,SASS,styling,
,SCSS,styling,
,Styled-components,styling,
,Styled-system,styling,
,Vanilla CSS,styling,
,LESS,styling,
,Jade / Pug JS,templating,
,Twig,templating,
,Laravel Blade,templating,
,Handlebard,templating,
,ESLint,testing,
,Jest,testing,
,Prettier,testing,
,Puppeteer,testing,
,React Testing Library,testing,
,Storybook,testing,
,AtlasKit,ui-libraries,
,Bourbon Neat,ui-libraries,
,Material UI,ui-libraries,
,Reach UI,ui-libraries,
,Bootsrap,ui-libraries,